code,description,last_updated
1679576722,WIEBE,2025-09-12 17:10:49
1588667638,PILCHER,2025-09-12 17:10:49
1215930367,GRESSOT,2025-09-12 17:10:49
1932102084,ADUSUMILLI,2025-09-12 17:10:49
1841293990,WORTSMAN,2025-09-12 17:10:49
1750384806,BISBEE,2025-09-12 17:10:49
1669475711,SUNG,2025-09-12 17:10:49
1578566626,KUIPERS,2025-09-12 17:10:49
1487657532,HUEBERT,2025-09-12 17:10:49
1396748448,YOUNG-MAYKA,2025-09-12 17:10:49
1205839354,DIFILIPPO,2025-09-12 17:10:49
1114920261,THACKER,2025-09-12 17:10:49
1932102985,ROTHSTEIN,2025-09-12 17:10:49
1841293891,GIBBS,2025-09-12 17:10:49
1750384707,MARKMAN,2025-09-12 17:10:49
1669475612,TROTCHIE,2025-09-12 17:10:49
1396748349,GRUNERT,2025-09-12 17:10:49
1205839255,GOLDBERG,2025-09-12 17:10:49
1114920162,DUBOSE,2025-09-12 17:10:49
1922001973,ANDERSON-KRULL,2025-09-12 17:10:49
1831192889,COE,2025-09-12 17:10:49
1659374601,OBERDICK,2025-09-12 17:10:49
1568465516,SALENGER,2025-09-12 17:10:49
1477556421,ROTH,2025-09-12 17:10:49
1255334207,SOUCIER,2025-09-12 17:10:49
1164425112,ISETTS,2025-09-12 17:10:49
1073516027,CHANG,2025-09-12 17:10:49
1619970662,FRIEDMAN,2025-09-12 17:10:49
1245233295,POTTS,2025-09-12 17:10:49
1871596825,WOLTER,2025-09-12 17:10:49
1780687731,STAUBSINGER,2025-09-12 17:10:49
1508869553,VAN HOUTEN-SAUTER,2025-09-12 17:10:49
1417950460,GARCIA,2025-09-12 17:10:49
1225031271,SHEPHERD,2025-09-12 17:10:49
1134122187,RUDNICKE,2025-09-12 17:10:49
1952304909,VASTA,2025-09-12 17:10:49
1861495814,SMITH,2025-09-12 17:10:49
1689677635,DURITSCH,2025-09-12 17:10:49
1598768541,ARENAS,2025-09-12 17:10:49
1407859457,MAGNIFICO,2025-09-12 17:10:49
1316940364,CONJEEVARAM,2025-09-12 17:10:49
1124021175,TRIPPI,2025-09-12 17:10:49
1033112081,FOGARTY,2025-09-12 17:10:49
1942203997,MYERS,2025-09-12 17:10:49
1851394803,HARPER,2025-09-12 17:10:49
1649273681,RENOUF,2025-09-12 17:10:49
1558364596,AKBAR,2025-09-12 17:10:49
1467455402,MCCOY,2025-09-12 17:10:49
1376546317,ALLGEIER,2025-09-12 17:10:49
1285637223,LOWRY,2025-09-12 17:10:49
1194728139,STEWART,2025-09-12 17:10:49
1003819046,NYLANDER,2025-09-12 17:10:49
1912900952,KAUFFMAN,2025-09-12 17:10:49
1306849336,TOWNSEND,2025-09-12 17:10:49
1215930243,VINCENT,2025-09-12 17:10:49
1932102969,HELFER,2025-09-12 17:10:49
1841293875,MARTIN,2025-09-12 17:10:49
1750384780,PERRIGIN,2025-09-12 17:10:49
1669475695,MCMAHAN,2025-09-12 17:10:49
1578566501,LA,2025-09-12 17:10:49
1487657417,CAREY,2025-09-12 17:10:49
1396748323,CAMPBELL,2025-09-12 17:10:49
1922001957,PRESLEY,2025-09-12 17:10:49
1740283779,JAVIER,2025-09-12 17:10:49
1477556405,LINSENMEYER,2025-09-12 17:10:49
1295738227,DAY,2025-09-12 17:10:49
1104829134,FALCONER,2025-09-12 17:10:49
1013910041,DETOMMASO,2025-09-12 17:10:49
1730182767,SCHLEGEL,2025-09-12 17:10:49
1649273673,KOPCZYNSKI,2025-09-12 17:10:49
1801899836,ZICHELLA,2025-09-12 17:10:49
1710980743,ALLEN,2025-09-12 17:10:49
1437152469,FISHER,2025-09-12 17:10:49
1255334280,HENSARLING,2025-09-12 17:10:49
1164425195,JARBATH,2025-09-12 17:10:49
1073516001,ROSS,2025-09-12 17:10:49
1982607917,ROWLAND,2025-09-12 17:10:49
1700889730,WEISS,2025-09-12 17:10:49
1619970647,LOTT,2025-09-12 17:10:49
1326041476,SCHWARTZ,2025-09-12 17:10:49
1235132382,WALKER,2025-09-12 17:10:49
1144223298,SMITH,2025-09-12 17:10:49
1053314104,UNGAB,2025-09-12 17:10:49
1962405019,HAMAMI,2025-09-12 17:10:49
1871596924,O'DONNELL,2025-09-12 17:10:49
1780687830,MANI,2025-09-12 17:10:49
1699778746,COOPERMAN,2025-09-12 17:10:49
1417950569,JOHNSON,2025-09-12 17:10:49
1225031370,SY,2025-09-12 17:10:49
1134122286,ROESING,2025-09-12 17:10:49
1861495913,LEA,2025-09-12 17:10:49
1770586828,MITRI,2025-09-12 17:10:49
1689677734,MARTIN,2025-09-12 17:10:49
1407859556,PETERS,2025-09-12 17:10:49
1316940463,DIEZ,2025-09-12 17:10:49
1033112180,TIPPS,2025-09-12 17:10:49
1851394902,MOORE,2025-09-12 17:10:49
1760485817,MORAN,2025-09-12 17:10:49
1386647337,PETRUSCH,2025-09-12 17:10:49
1013910066,FIORE,2025-09-12 17:10:49
1821091877,HASKELL,2025-09-12 17:10:49
1558364505,SPINAK,2025-09-12 17:10:49
1467455410,STRATIGOPOULOS,2025-09-12 17:10:49
1285637231,LOPEZ,2025-09-12 17:10:49
1003819053,LACLAIR,2025-09-12 17:10:49
1912900960,THOMASON,2025-09-12 17:10:49
1720081771,WAYNE,2025-09-12 17:10:49
1639172687,ROPPOLO,2025-09-12 17:10:49
1548263593,ESTORQUE,2025-09-12 17:10:49
1457354409,LIU,2025-09-12 17:10:49
1366445314,NETTESHEIM,2025-09-12 17:10:49
1902809957,YITZHAKI,2025-09-12 17:10:49
1811990864,GULLETT,2025-09-12 17:10:49
1629071675,SNEIDERS,2025-09-12 17:10:49
1447253497,NAEGELE,2025-09-12 17:10:49
1265435218,LEEDS,2025-09-12 17:10:49
1174526123,HOEHN-SARIC,2025-09-12 17:10:49
1083617039,STANLEY,2025-09-12 17:10:49
1801899851,FERRIS,2025-09-12 17:10:49
1710980768,ORTMAN,2025-09-12 17:10:49
1528061579,WENSINK,2025-09-12 17:10:49
1437152485,MORGAN,2025-09-12 17:10:49
1346243391,HOOVER,2025-09-12 17:10:49
1063415016,BROOKS,2025-09-12 17:10:49
1972506921,FAGUNDUS,2025-09-12 17:10:49
1609879659,PETROFF,2025-09-12 17:10:49
1518960566,IRWIN,2025-09-12 17:10:49
1326041377,HEATON,2025-09-12 17:10:49
1235132283,BUTTLEMAN,2025-09-12 17:10:49
1053314005,SALES,2025-09-12 17:10:49
1306849344,WHITE,2025-09-12 17:10:49
1215930250,PAGE,2025-09-12 17:10:49
1023011061,LETIEN,2025-09-12 17:10:49
1932102977,SHARMA,2025-09-12 17:10:49
1750384798,VON HARDENBERG,2025-09-12 17:10:49
1578566519,SPANN,2025-09-12 17:10:49
1396748331,SORENSEN,2025-09-12 17:10:49
1205839248,HOLLANDSWORTH,2025-09-12 17:10:49
1831192871,COWDEN,2025-09-12 17:10:49
1568465508,ROST,2025-09-12 17:10:49
1477556413,SIROIS,2025-09-12 17:10:49
1386647329,LANCASTER,2025-09-12 17:10:49
1295738235,RAGOTHAMAN,2025-09-12 17:10:49
1104829142,TRIPP,2025-09-12 17:10:49
1821091869,BASS,2025-09-12 17:10:49
1730182775,NEE,2025-09-12 17:10:49
1588667521,SWAYZE,2025-09-12 17:10:49
1760485718,STEPHENS,2025-09-12 17:10:49
1588667539,ZALLEN,2025-09-12 17:10:49
1497758445,MORSE,2025-09-12 17:10:49
1215930268,YEN,2025-09-12 17:10:49
1124021167,DILLMUTH-MILLER,2025-09-12 17:10:49
1033112073,VAN BLARICOM,2025-09-12 17:10:49
1851394894,GOODMAN,2025-09-12 17:10:49
1760485700,GELBER,2025-09-12 17:10:49
1679576615,PUTLAND,2025-09-12 17:10:49
1235132275,HANSEN,2025-09-12 17:10:49
1144223181,LITTLE,2025-09-12 17:10:49
1053314096,MURRELL,2025-09-12 17:10:49
1871596817,ABIAD,2025-09-12 17:10:49
1780687723,HARGRAVE,2025-09-12 17:10:49
1699778639,CANON,2025-09-12 17:10:49
1508869546,BROUNS,2025-09-12 17:10:49
1225031263,LYTH,2025-09-12 17:10:49
1043213085,TODER,2025-09-12 17:10:49
1952304990,FLEET,2025-09-12 17:10:49
1861495806,JENNINGS,2025-09-12 17:10:49
1770586711,TODD,2025-09-12 17:10:49
1689677627,WARD,2025-09-12 17:10:49
1598768533,ARPIN,2025-09-12 17:10:49
1407859440,HAYNES,2025-09-12 17:10:49
1316940356,JARVISE,2025-09-12 17:10:49
1225031255,KELLOGG,2025-09-12 17:10:49
1134122161,HURTADO,2025-09-12 17:10:49
1952304982,JOHANSON,2025-09-12 17:10:49
1770586703,BRELSFORD,2025-09-12 17:10:49
1689677619,ORGAIN,2025-09-12 17:10:49
1316940349,JANESKY,2025-09-12 17:10:49
1942203971,SHAMSHAM,2025-09-12 17:10:49
1851394886,STOREY,2025-09-12 17:10:49
1760485791,NEWMAN,2025-09-12 17:10:49
1588667513,SOLORIO,2025-09-12 17:10:49
1558364588,GARNER,2025-09-12 17:10:49
1467455493,MEDLOCK,2025-09-12 17:10:49
1376546309,CHANG,2025-09-12 17:10:49
1285637215,LAWLER,2025-09-12 17:10:49
1194728121,BADOLATO,2025-09-12 17:10:49
1003819038,GOLDBERG,2025-09-12 17:10:49
1639172661,GOEL,2025-09-12 17:10:49
1548263577,BALL,2025-09-12 17:10:49
1457354482,ELLER,2025-09-12 17:10:49
1275536203,JANSEN,2025-09-12 17:10:49
1184627119,MEEK,2025-09-12 17:10:49
1629071659,KEGEL,2025-09-12 17:10:49
1538162565,SCHLEEPER,2025-09-12 17:10:49
1447253471,LEPINE,2025-09-12 17:10:49
1265435291,GILMER,2025-09-12 17:10:49
1336142363,REYNOLDS,2025-09-12 17:10:49
1245233279,MCALLISTER,2025-09-12 17:10:49
1154324184,WILLIAMS-WEEKES,2025-09-12 17:10:49
1063415099,PELLEGRINI,2025-09-12 17:10:49
1972506905,PEARSON,2025-09-12 17:10:49
1790788727,RORICK,2025-09-12 17:10:49
1235132267,LOWRY,2025-09-12 17:10:49
1144223173,SCIULLO,2025-09-12 17:10:49
1053314088,BROWN,2025-09-12 17:10:49
1962405993,SMITH,2025-09-12 17:10:49
1871596809,EPES,2025-09-12 17:10:49
1780687715,DESAI,2025-09-12 17:10:49
1699778621,DIAZ,2025-09-12 17:10:49
1508869538,HODGIN,2025-09-12 17:10:49
1326041344,LOWENSTEIN,2025-09-12 17:10:49
1235132259,MCNAMARA,2025-09-12 17:10:49
1053314070,BOUSH,2025-09-12 17:10:49
1962405985,BENSINGER,2025-09-12 17:10:49
1871596890,FEIBEL,2025-09-12 17:10:49
1780687707,HICKS,2025-09-12 17:10:49
1699778613,PESSON,2025-09-12 17:10:49
1508869520,HAASCH,2025-09-12 17:10:49
1225031248,RYAN,2025-09-12 17:10:49
1134122153,HUNTER,2025-09-12 17:10:49
1043213069,BRUCE,2025-09-12 17:10:49
1952304974,BROWN,2025-09-12 17:10:49
1861495889,HUDSON,2025-09-12 17:10:49
1689677601,CHRISTENBERRY,2025-09-12 17:10:49
1598768517,YOUNG,2025-09-12 17:10:49
1407859424,JACKSON,2025-09-12 17:10:49
1124021142,DEWOLFE,2025-09-12 17:10:49
1033112057,NYE,2025-09-12 17:10:49
1942203963,DAVIS,2025-09-12 17:10:49
1851394878,CHRISTIANSEN,2025-09-12 17:10:49
1760485783,MCBRIDE,2025-09-12 17:10:49
1679576698,KOSTREWA,2025-09-12 17:10:49
1588667505,ROBERTS,2025-09-12 17:10:49
1497758411,HARSTON,2025-09-12 17:10:49
1306849328,TAHIR,2025-09-12 17:10:49
1023011046,DOVE,2025-09-12 17:10:49
1932102951,JIMENEZ AGOSTO,2025-09-12 17:10:49
1750384772,LOPEZ-GRANBERRY,2025-09-12 17:10:49
1578566592,DEWHURST,2025-09-12 17:10:49
1487657409,PIERRON,2025-09-12 17:10:49
1396748315,BARBER,2025-09-12 17:10:49
1205839222,BACHTEL,2025-09-12 17:10:49
1114920139,DITMAN,2025-09-12 17:10:49
1922001940,TERENZI,2025-09-12 17:10:49
1740283761,KRIZMANICH,2025-09-12 17:10:49
1659374676,PERKINS,2025-09-12 17:10:49
1184627101,CHEN,2025-09-12 17:10:49
1093718017,LYONS,2025-09-12 17:10:49
1811990831,LEE,2025-09-12 17:10:49
1629071642,JONES,2025-09-12 17:10:49
1447253463,JOHNSTON,2025-09-12 17:10:49
1265435283,WILCOX,2025-09-12 17:10:49
1174526198,MORTON,2025-09-12 17:10:49
1992708911,RUSSELL,2025-09-12 17:10:49
1801899828,NAU,2025-09-12 17:10:49
1710980735,BILGRAMI,2025-09-12 17:10:49
1528061546,FIGUEROA,2025-09-12 17:10:49
1437152451,POWELL,2025-09-12 17:10:49
1346243367,KAZEMI,2025-09-12 17:10:49
1255334272,KUTSIKOVICH,2025-09-12 17:10:49
1164425187,LAURSEN,2025-09-12 17:10:49
1073516092,BELLI,2025-09-12 17:10:49
1891798815,CIULA,2025-09-12 17:10:49
1700889722,BURNS,2025-09-12 17:10:49
1619970639,GEISS,2025-09-12 17:10:49
1336142355,STANDERFER,2025-09-12 17:10:49
1245233261,GOLDSTEIN,2025-09-12 17:10:49
1154324176,DAMRON,2025-09-12 17:10:49
1972506996,FLEMING,2025-09-12 17:10:49
1881697803,DUFFIELD,2025-09-12 17:10:49
1790788719,MCLOUGHLIN,2025-09-12 17:10:49
1609879626,CULP,2025-09-12 17:10:49
1518960533,POLLAK,2025-09-12 17:10:49
1427051432,TOLBERT,2025-09-12 17:10:49
1336142348,CLEMENT,2025-09-12 17:10:49
1457354490,LEONE,2025-09-12 17:10:49
1366445306,LIOW,2025-09-12 17:10:49
1275536211,CRAMPTON,2025-09-12 17:10:49
1184627127,KAMBER,2025-09-12 17:10:49
1811990856,KOLTON,2025-09-12 17:10:49
1629071667,HADAD,2025-09-12 17:10:49
1538162573,LATSHAW,2025-09-12 17:10:49
1447253489,BUTLER,2025-09-12 17:10:49
1356344394,CRADDOCK,2025-09-12 17:10:49
1265435200,HOROWITZ,2025-09-12 17:10:49
1174526115,MURPHY,2025-09-12 17:10:49
1083617021,BEHEN,2025-09-12 17:10:49
1992708937,PORTER,2025-09-12 17:10:49
1801899844,TARTER,2025-09-12 17:10:49
1710980750,KEOHANE,2025-09-12 17:10:49
1639172679,BACK,2025-09-12 17:10:49
1346243383,JONES,2025-09-12 17:10:49
1255334298,HUNT,2025-09-12 17:10:49
1164425104,JANSSEN,2025-09-12 17:10:49
1982607925,YELLAMRAJU,2025-09-12 17:10:49
1891798831,SNOOK,2025-09-12 17:10:49
1700889748,FOURTOUNIS,2025-09-12 17:10:49
1619970654,CRAWFORD,2025-09-12 17:10:49
1427051465,MILES,2025-09-12 17:10:49
1245233287,GERING,2025-09-12 17:10:49
1154324192,OLDFIELD,2025-09-12 17:10:49
1972506913,SHAFFER,2025-09-12 17:10:49
1790788735,INZENGA,2025-09-12 17:10:49
1609879642,STALLSMITH,2025-09-12 17:10:49
1518960558,JAMESON,2025-09-12 17:10:49
1245233477,LONG,2025-09-12 17:10:49
1154324382,CLOSE,2025-09-12 17:10:49
1972506103,BENSON,2025-09-12 17:10:49
1881697019,RUITER,2025-09-12 17:10:49
1508869736,HARDEBECK,2025-09-12 17:10:49
1417950643,BARRETT,2025-09-12 17:10:49
1326041559,KIM,2025-09-12 17:10:49
1235132465,REYNOLDS,2025-09-12 17:10:49
1245233451,ANGHELESCU,2025-09-12 17:10:49
1154324366,RODRIGUEZ,2025-09-12 17:10:49
1063415271,CROMWELL,2025-09-12 17:10:49
1972506186,HUTSON,2025-09-12 17:10:49
1699778803,WOMBLE,2025-09-12 17:10:49
1508869710,GAYNER,2025-09-12 17:10:49
1417950627,PRIDE,2025-09-12 17:10:49
1235132440,FRIAS,2025-09-12 17:10:49
1144223355,HA,2025-09-12 17:10:49
1962405175,STELZER,2025-09-12 17:10:49
1871596080,ALTENBERN,2025-09-12 17:10:49
1780687996,STEINMETZ,2025-09-12 17:10:49
1699778894,AWOMOLO,2025-09-12 17:10:49
1508869702,DEWALT,2025-09-12 17:10:49
1417950619,WOLFF,2025-09-12 17:10:49
1326041526,QUILICI,2025-09-12 17:10:49
1235132432,MCCARTY,2025-09-12 17:10:49
1205839438,TRAPP,2025-09-12 17:10:49
1336142561,GRAHAM,2025-09-12 17:10:49
1871596072,PAVLICK,2025-09-12 17:10:49
1780687988,RINEHART,2025-09-12 17:10:49
1598768798,BLAIR,2025-09-12 17:10:49
1316940513,MINNING,2025-09-12 17:10:49
1225031420,GIRVIN,2025-09-12 17:10:49
1134122336,REDDY,2025-09-12 17:10:49
1043213242,WAGREICH,2025-09-12 17:10:49
1952304156,VARGA,2025-09-12 17:10:49
1861495061,FAIRFIELD,2025-09-12 17:10:49
1689677882,RANDOLPH,2025-09-12 17:10:49
1497758692,DHAIRYAWAN,2025-09-12 17:10:49
1306849500,PETERSON,2025-09-12 17:10:49
1215930417,BARFIELD,2025-09-12 17:10:49
1851394050,BRIDGES,2025-09-12 17:10:49
1760485965,KAMPFE,2025-09-12 17:10:49
1679576870,LEON,2025-09-12 17:10:49
1588667786,HUDSON,2025-09-12 17:10:49
1396748596,CALDEIRA,2025-09-12 17:10:49
1205839404,YASIN,2025-09-12 17:10:49
1114920311,THOMPSON,2025-09-12 17:10:49
1023011228,HARADON,2025-09-12 17:10:49
1932102134,RAMZY,2025-09-12 17:10:49
1841293040,GILES,2025-09-12 17:10:49
1669475869,FRAIJI,2025-09-12 17:10:49
1578566774,TISDALL,2025-09-12 17:10:49
1487657680,ANANDU,2025-09-12 17:10:49
1295738490,POLSLEY,2025-09-12 17:10:49
1407859697,CORKERY,2025-09-12 17:10:49
1225031412,MORIN-DUCOTE,2025-09-12 17:10:49
1043213234,MANGAT,2025-09-12 17:10:49
1952304149,SNYDER,2025-09-12 17:10:49
1689677874,FRANK,2025-09-12 17:10:49
1902809395,NIBLO,2025-09-12 17:10:49
1306849591,VOGEL,2025-09-12 17:10:49
1942203138,BANDI,2025-09-12 17:10:49
1851394043,BAYS,2025-09-12 17:10:49
1760485957,PERRY,2025-09-12 17:10:49
1588667778,MATHURIN,2025-09-12 17:10:49
1205839495,CHRISTIANA,2025-09-12 17:10:49
1023011210,POLAKOWSKI,2025-09-12 17:10:49
1932102126,DAW,2025-09-12 17:10:49
1841293032,DE ALARCON,2025-09-12 17:10:49
1750384947,DE ARMENDI,2025-09-12 17:10:49
1578566766,CARTIA,2025-09-12 17:10:49
1487657672,SHIN,2025-09-12 17:10:49
1104829399,PATTERSON,2025-09-12 17:10:49
1013910207,BROWER,2025-09-12 17:10:49
1922001114,RASHID,2025-09-12 17:10:49
1831192020,COATS,2025-09-12 17:10:49
1740283936,PFLANZE,2025-09-12 17:10:49
1659374841,LOPEZ,2025-09-12 17:10:49
1568465755,BELL,2025-09-12 17:10:49
1477556660,TRANOVICH,2025-09-12 17:10:49
1386647576,PEREZ-MONTES,2025-09-12 17:10:49
1295738482,BEARD,2025-09-12 17:10:49
1003819293,GALKIN,2025-09-12 17:10:49
1821091018,KAUFMAN,2025-09-12 17:10:49
1730182924,BHAT,2025-09-12 17:10:49
1376546564,KADET,2025-09-12 17:10:49
1194728386,KASIC,2025-09-12 17:10:49
1902809197,DOME,2025-09-12 17:10:49
1811990005,NEWSOME,2025-09-12 17:10:49
1548263734,SMITH,2025-09-12 17:10:49
1457354649,PARSLEY,2025-09-12 17:10:49
1366445553,BRAKEL,2025-09-12 17:10:49
1275536468,ASAD,2025-09-12 17:10:49
1184627374,KIRBY,2025-09-12 17:10:49
1093718280,AULL,2025-09-12 17:10:49
1801899091,RINDE-HOFFMAN,2025-09-12 17:10:49
1710980909,BLACK,2025-09-12 17:10:49
1538162722,BOOTHE,2025-09-12 17:10:49
1447253638,BEATTY,2025-09-12 17:10:49
1356344543,ALLEE,2025-09-12 17:10:49
1265435457,REIER,2025-09-12 17:10:49
1174526362,MYERS,2025-09-12 17:10:49
1992708184,KLELE,2025-09-12 17:10:49
1700889995,YATES,2025-09-12 17:10:49
1346243532,STEIN,2025-09-12 17:10:49
1255334447,MULLICK,2025-09-12 17:10:49
1073516266,KLICK,2025-09-12 17:10:49
1982607172,CULLIS,2025-09-12 17:10:49
1891798088,RULE,2025-09-12 17:10:49
1619970894,GORDON,2025-09-12 17:10:49
1528061702,BOOSE,2025-09-12 17:10:49
1437152618,COHEN,2025-09-12 17:10:49
1346243524,SEEDS,2025-09-12 17:10:49
1255334439,RETTIG,2025-09-12 17:10:49
1164425344,HANS,2025-09-12 17:10:49
1073516258,HODGE,2025-09-12 17:10:49
1982607164,GROVE,2025-09-12 17:10:49
1891798070,KAPPAKAS,2025-09-12 17:10:49
1609879881,BUSSLER,2025-09-12 17:10:49
1518960798,HUNYADI,2025-09-12 17:10:49
1336142512,BROWN,2025-09-12 17:10:49
1245233428,BARBER,2025-09-12 17:10:49
1154324333,FALCAO,2025-09-12 17:10:49
1063415248,DITCHEK,2025-09-12 17:10:49
1790788974,ENGLE,2025-09-12 17:10:49
1508869785,THOMAS,2025-09-12 17:10:49
1417950692,COHEN,2025-09-12 17:10:49
1326041500,PRATS VEGA,2025-09-12 17:10:49
1235132416,KAPP,2025-09-12 17:10:49
1962405142,UDDIN,2025-09-12 17:10:49
1871596056,JOHN,2025-09-12 17:10:49
1780687962,LOPEZ VERGE,2025-09-12 17:10:49
1699778878,STALEY,2025-09-12 17:10:49
1407859689,MCCREERY,2025-09-12 17:10:49
1316940596,HSIEH,2025-09-12 17:10:49
1134122310,SMITH,2025-09-12 17:10:49
1043213226,ARONOFF,2025-09-12 17:10:49
1952304131,SIGLER,2025-09-12 17:10:49
1972506988,HAN,2025-09-12 17:10:49
1881697894,SHANNON,2025-09-12 17:10:49
1790788701,MAOLOOD,2025-09-12 17:10:49
1609879618,MORRIS,2025-09-12 17:10:49
1518960525,BHAGAT,2025-09-12 17:10:49
1053314062,MANN,2025-09-12 17:10:49
1871596882,DENEKA,2025-09-12 17:10:49
1699778605,MARDEN,2025-09-12 17:10:49
1508869512,MCWHORTER,2025-09-12 17:10:49
1417950429,LISTELLO,2025-09-12 17:10:49
1225031230,COLE,2025-09-12 17:10:49
1043213051,GOROVOY,2025-09-12 17:10:49
1952304966,SALYER,2025-09-12 17:10:49
1861495871,REX,2025-09-12 17:10:49
1770586786,RICHARDS,2025-09-12 17:10:49
1689677692,DE WETTE,2025-09-12 17:10:49
1598768509,TACVORIAN,2025-09-12 17:10:49
1407859416,VAUGHN-DOTTERER,2025-09-12 17:10:49
1205839214,SCHILLER,2025-09-12 17:10:49
1922001932,FIELDER,2025-09-12 17:10:49
1740283753,JONES,2025-09-12 17:10:49
1477556488,MAYGREN,2025-09-12 17:10:49
1386647394,GOMEZ,2025-09-12 17:10:49
1295738201,STICKLEY,2025-09-12 17:10:49
1104829118,ALLEN,2025-09-12 17:10:49
1013910025,ABRAHAMSON,2025-09-12 17:10:49
1821091836,ANDERSEN,2025-09-12 17:10:49
1245233246,PARKER,2025-09-12 17:10:49
1154324150,ROWEN,2025-09-12 17:10:49
1063415065,BROOKS,2025-09-12 17:10:49
1972506970,PERELSON,2025-09-12 17:10:49
1881697886,POLUN,2025-09-12 17:10:49
1790788792,BUCHAR,2025-09-12 17:10:49
1518960517,WARREN,2025-09-12 17:10:49
1326041328,TAWADROS,2025-09-12 17:10:49
1144223140,MILLER,2025-09-12 17:10:49
1124021118,CHOW,2025-09-12 17:10:49
1033112024,KAPLANSKY,2025-09-12 17:10:49
1942203930,SOTOUDEH,2025-09-12 17:10:49
1760485759,JACKO,2025-09-12 17:10:49
1679576664,HOROWITZ,2025-09-12 17:10:49
1588667570,ROOT,2025-09-12 17:10:49
1497758486,MATHIESEN,2025-09-12 17:10:49
1306849393,SPATHAS,2025-09-12 17:10:49
1215930201,ELIAS,2025-09-12 17:10:49
1841293834,WELLS,2025-09-12 17:10:49
1750384749,SMITH,2025-09-12 17:10:49
1669475653,NAKASHIMA,2025-09-12 17:10:49
1578566568,KELLEHER,2025-09-12 17:10:49
1487657474,WESTMAN,2025-09-12 17:10:49
1396748380,ELLIS,2025-09-12 17:10:49
1205839297,ROBINS,2025-09-12 17:10:49
1114920105,OCHS,2025-09-12 17:10:49
1922001916,SCHOLL,2025-09-12 17:10:49
1831192822,ARMSTRONG,2025-09-12 17:10:49
1740283738,SLOMOWITZ,2025-09-12 17:10:49
1659374643,ALBERS,2025-09-12 17:10:49
1477556462,KIRSCHNER,2025-09-12 17:10:49
1689677866,KROEGER,2025-09-12 17:10:49
1306849583,PILCHER,2025-09-12 17:10:49
1033112214,KOENIG,2025-09-12 17:10:49
1942203120,SAGER,2025-09-12 17:10:49
1679576854,JOHNSON,2025-09-12 17:10:49
1497758676,VANHEMERT,2025-09-12 17:10:49
1114920394,BOALS,2025-09-12 17:10:49
1710980982,JAFFE,2025-09-12 17:10:49
1629071899,MUIR,2025-09-12 17:10:49
1447253612,BOSAK,2025-09-12 17:10:49
1356344527,TULECKE,2025-09-12 17:10:49
1265435432,DIGIOVANNI,2025-09-12 17:10:49
1174526347,SHAH,2025-09-12 17:10:49
1083617252,LEPKOWSKY,2025-09-12 17:10:49
1992708168,CHIDA,2025-09-12 17:10:49
1619970886,BOYLE,2025-09-12 17:10:49
1437152600,WALSH,2025-09-12 17:10:49
1346243516,WADE,2025-09-12 17:10:49
1255334421,CONRADT,2025-09-12 17:10:49
1073516241,CAROLAN,2025-09-12 17:10:49
1891798062,SINGER,2025-09-12 17:10:49
1609879873,O'CONNOR,2025-09-12 17:10:49
1518960780,KIRBY,2025-09-12 17:10:49
1871596049,NIBERT,2025-09-12 17:10:49
1780687954,PURVIS,2025-09-12 17:10:49
1699778860,TREISMAN,2025-09-12 17:10:49
1407859671,FREEDMAN,2025-09-12 17:10:49
1316940588,FOWLER,2025-09-12 17:10:49
1134122302,BURNETT,2025-09-12 17:10:49
1043213218,BAWEK,2025-09-12 17:10:49
1952304123,CONWELL,2025-09-12 17:10:49
1861495038,CHESEK,2025-09-12 17:10:49
1689677858,HOLLAND,2025-09-12 17:10:49
1598768764,HART,2025-09-12 17:10:49
1306849575,CLARK,2025-09-12 17:10:49
1215930482,BAKER,2025-09-12 17:10:49
1124021399,GOULD,2025-09-12 17:10:49
1033112206,BURCH,2025-09-12 17:10:49
1942203112,SAMBUCHI,2025-09-12 17:10:49
1851394027,BOENDER,2025-09-12 17:10:49
1760485932,HART,2025-09-12 17:10:49
1588667752,KOBET,2025-09-12 17:10:49
1861495046,SONNIER,2025-09-12 17:10:49
1770586950,MUETING,2025-09-12 17:10:49
1497758668,MAYES,2025-09-12 17:10:49
1023011293,ADIBI,2025-09-12 17:10:49
1932102100,CRAIG,2025-09-12 17:10:49
1841293016,SWANN,2025-09-12 17:10:49
1750384921,VEITH,2025-09-12 17:10:49
1669475836,REMINGTON,2025-09-12 17:10:49
1578566741,COCKROFT,2025-09-12 17:10:49
1487657656,BHAT,2025-09-12 17:10:49
1396748562,GESZLER,2025-09-12 17:10:49
1013910280,LEU,2025-09-12 17:10:49
1487657649,TUCKMAN,2025-09-12 17:10:49
1396748554,DALTON,2025-09-12 17:10:49
1013910272,HURLEY,2025-09-12 17:10:49
1740283902,MILLER,2025-09-12 17:10:49
1659374817,OSTERBERG,2025-09-12 17:10:49
1568465722,WICKE,2025-09-12 17:10:49
1477556637,HAYES-MACALUSO,2025-09-12 17:10:49
1295738458,TOPORCER,2025-09-12 17:10:49
1003819269,JANKOV,2025-09-12 17:10:49
1912900176,LEBLANG,2025-09-12 17:10:49
1649273806,HUGHES,2025-09-12 17:10:49
1467455626,GIBSON,2025-09-12 17:10:49
1376546531,PETTINGELL,2025-09-12 17:10:49
1285637447,BRESSMAN,2025-09-12 17:10:49
1194728352,GROYSMAN,2025-09-12 17:10:49
1821091075,FOWELL,2025-09-12 17:10:49
1649273897,CHAMBERS,2025-09-12 17:10:49
1558364703,ATLAS,2025-09-12 17:10:49
1922001171,ANDERSON,2025-09-12 17:10:49
1831192087,FLEMING,2025-09-12 17:10:49
1740283993,DAVITT,2025-09-12 17:10:49
1659374809,MCPHERSON,2025-09-12 17:10:49
1568465714,BAREK,2025-09-12 17:10:49
1477556629,HAMILTON,2025-09-12 17:10:49
1295738441,ERKI,2025-09-12 17:10:49
1104829340,COTHREN,2025-09-12 17:10:49
1013910256,ACOSTAMADIEDO,2025-09-12 17:10:49
1922001163,ARONOFF,2025-09-12 17:10:49
1831192079,KOSIBOROD,2025-09-12 17:10:49
1740283985,GENTIN,2025-09-12 17:10:49
1659374890,HOLZ,2025-09-12 17:10:49
1568465706,LAZARUS,2025-09-12 17:10:49
1477556611,LEWIS,2025-09-12 17:10:49
1295738433,MOHAN,2025-09-12 17:10:49
1144223280,GAJJAR,2025-09-12 17:10:49
1053314195,DODD,2025-09-12 17:10:49
1649273772,ROEDER,2025-09-12 17:10:49
1467455592,HANDGRETINGER,2025-09-12 17:10:49
1376546408,SNYDER,2025-09-12 17:10:49
1285637314,ABI-RACHED,2025-09-12 17:10:49
1902809031,NELSON,2025-09-12 17:10:49
1811990948,BOYER,2025-09-12 17:10:49
1720081854,SPIEGEL,2025-09-12 17:10:49
1639172760,CARROLL,2025-09-12 17:10:49
1457354581,CAVALE,2025-09-12 17:10:49
1366445496,ANIREDDY,2025-09-12 17:10:49
1275536302,SCHUTZMAN,2025-09-12 17:10:49
1184627218,KIEFT,2025-09-12 17:10:49
1093718124,BARBER,2025-09-12 17:10:49
1801899935,FOCHIOS,2025-09-12 17:10:49
1710980842,GROSSFELD,2025-09-12 17:10:49
1538162664,LEFEVER,2025-09-12 17:10:49
1447253570,GOYAL,2025-09-12 17:10:49
1356344485,WINTHROP,2025-09-12 17:10:49
1265435390,STEPHENS,2025-09-12 17:10:49
1053314187,BHARGAVA,2025-09-12 17:10:49
1962405092,JOHNSON,2025-09-12 17:10:49
1780687814,COLOSI,2025-09-12 17:10:49
1407859531,SIVLEY,2025-09-12 17:10:49
1316940448,SAUNDERS,2025-09-12 17:10:49
1225031354,MARSH,2025-09-12 17:10:49
1134122260,YEAMAN,2025-09-12 17:10:49
1043213176,HARRIS,2025-09-12 17:10:49
1952304081,HANUMANDLA,2025-09-12 17:10:49
1861495996,SALINGER,2025-09-12 17:10:49
1770586802,YOSHISATO,2025-09-12 17:10:49
1689677718,GRIGSBY,2025-09-12 17:10:49
1598768624,SOTERAKIS,2025-09-12 17:10:49
1407859523,PREHN,2025-09-12 17:10:49
1316940430,FERSTL,2025-09-12 17:10:49
1134122252,FRANCISCO,2025-09-12 17:10:49
1043213168,SOULIER,2025-09-12 17:10:49
1952304073,JOFFE,2025-09-12 17:10:49
1861495988,JAKABOVICS,2025-09-12 17:10:49
1770586893,ALBUQUERQUE,2025-09-12 17:10:49
1598768616,WRAY,2025-09-12 17:10:49
1215930334,SKOTNICKI,2025-09-12 17:10:49
1124021241,COOKE,2025-09-12 17:10:49
1033112156,GOLDEY,2025-09-12 17:10:49
1942203062,STEINBERG,2025-09-12 17:10:49
1851394977,SCIBILIA,2025-09-12 17:10:49
1760485882,LOFTUS,2025-09-12 17:10:49
1568465581,MORGAN,2025-09-12 17:10:49
1477556496,WISE,2025-09-12 17:10:49
1386647303,ANDRE,2025-09-12 17:10:49
1295738219,BROCK,2025-09-12 17:10:49
1104829126,SKOCIK,2025-09-12 17:10:49
1013910033,HUBBARD,2025-09-12 17:10:49
1821091844,STONE,2025-09-12 17:10:49
1730182759,PIGEON,2025-09-12 17:10:49
1497758510,HADID,2025-09-12 17:10:49
1205839321,MUDGE,2025-09-12 17:10:49
1114920238,CLARK,2025-09-12 17:10:49
1932102050,DELLASEGA,2025-09-12 17:10:49
1679576797,VILUSHIS,2025-09-12 17:10:49
1841293966,ALEXANDER,2025-09-12 17:10:49
1558364570,DANA,2025-09-12 17:10:49
1285637207,LARSON,2025-09-12 17:10:49
1194728113,TURNER,2025-09-12 17:10:49
1720081748,STEVENSON,2025-09-12 17:10:49
1548263569,SUNSHINE,2025-09-12 17:10:49
1457354474,JAVEED,2025-09-12 17:10:49
1366445389,ANDRIOLA,2025-09-12 17:10:49
1124021134,COLEMAN,2025-09-12 17:10:49
1033112040,LAMBERSON,2025-09-12 17:10:49
1851394860,STERN,2025-09-12 17:10:49
1588667596,JERMAN,2025-09-12 17:10:49
1497758403,SHAW,2025-09-12 17:10:49
1306849310,MOOLAMALLA,2025-09-12 17:10:49
1215930227,GARCIA,2025-09-12 17:10:49
1023011038,KABAR,2025-09-12 17:10:49
1932102944,SAMUEL,2025-09-12 17:10:49
1669475679,EISENACH,2025-09-12 17:10:49
1487657490,RICHARDSON,2025-09-12 17:10:49
1114920121,BAKER,2025-09-12 17:10:49
1831192848,JAFFE,2025-09-12 17:10:49
1841293073,SCOCOS,2025-09-12 17:10:49
1669475893,CURTIS,2025-09-12 17:10:49
1578566709,GOODMAN,2025-09-12 17:10:49
1487657615,SIMONTE,2025-09-12 17:10:49
1295738425,AIDEYAN,2025-09-12 17:10:49
1104829332,ALLOWAY,2025-09-12 17:10:49
1013910249,FLORES,2025-09-12 17:10:49
1659374882,BURACK,2025-09-12 17:10:49
1568465797,TURNER,2025-09-12 17:10:49
1194728329,LOFFARELLI,2025-09-12 17:10:49
1003819236,STERN,2025-09-12 17:10:49
1730182965,WHITE,2025-09-12 17:10:49
1649273871,MENDOZA,2025-09-12 17:10:49
1558364786,BENGOA,2025-09-12 17:10:49
1376546507,CLARK,2025-09-12 17:10:49
1285637413,CHAPMAN,2025-09-12 17:10:49
1902809130,TURNER,2025-09-12 17:10:49
1720081953,THOMAS,2025-09-12 17:10:49
1548263775,ANDERSON,2025-09-12 17:10:49
1114920345,DEMPSEY,2025-09-12 17:10:49
1023011251,SPIRES,2025-09-12 17:10:49
1457354680,BOYLE,2025-09-12 17:10:49
1366445595,BORUSHOK,2025-09-12 17:10:49
1275536401,STEVENSON,2025-09-12 17:10:49
1184627317,WILSON,2025-09-12 17:10:49
1992708127,FUCHS,2025-09-12 17:10:49
1801899034,FARMER,2025-09-12 17:10:49
1710980941,AHMED,2025-09-12 17:10:49
1447253679,WOODLAN,2025-09-12 17:10:49
1174526305,BERENHOLZ,2025-09-12 17:10:49
1083617211,CICCIA,2025-09-12 17:10:49
1891798021,MORRIS,2025-09-12 17:10:49
1700889938,BROWDER,2025-09-12 17:10:49
1528061751,ANNADANAM,2025-09-12 17:10:49
1437152667,FISCHER,2025-09-12 17:10:49
1255334488,GARDNER,2025-09-12 17:10:49
1164425393,HERMANSDORFER,2025-09-12 17:10:49
1073516209,ALSINA,2025-09-12 17:10:49
1790788925,SAMMONS,2025-09-12 17:10:49
1144223371,PURSELL,2025-09-12 17:10:49
1053314286,COHN,2025-09-12 17:10:49
1962405191,DODDS,2025-09-12 17:10:49
1598768723,KARPA,2025-09-12 17:10:49
1407859630,LESSENBERRY,2025-09-12 17:10:49
1225031453,ELLIS,2025-09-12 17:10:49
1518960731,MOGHE,2025-09-12 17:10:49
1427051648,MORGAN,2025-09-12 17:10:49
1336142553,RUSSELL,2025-09-12 17:10:49
1245233469,JACOBS,2025-09-12 17:10:49
1154324374,TRUDO,2025-09-12 17:10:49
1063415289,ROTHEN,2025-09-12 17:10:49
1972506194,BLACKMON,2025-09-12 17:10:49
1881697001,HAELY,2025-09-12 17:10:49
1699778811,CALLAHAN,2025-09-12 17:10:49
1417950635,MARINO,2025-09-12 17:10:49
1326041542,TAFEL,2025-09-12 17:10:49
1235132457,ADAMSON,2025-09-12 17:10:49
1144223363,KATZ,2025-09-12 17:10:49
1053314278,KUNS,2025-09-12 17:10:49
1962405183,FOX,2025-09-12 17:10:49
